{
    "perimeter_basement_ins": {
        "BCIA_3": 3.28084,
        "BCIA_5": 1.9685,
        "BCIA_6": 1.9685,
        "BCIB_2": 1.9685,
        "BCIB_3": 3.28084,
        "BCIB_5": 1.9685,
        "BCIB_6": 3.28084,
        "BCIB_9": 1.9685,
        "BCIB_10": 1.9685,
        "BCEA_3": 3.28084,
        "BCEA_9": 3.28084,
        "BCEA_10": 1.9685,
        "BCEA_11": 1.9685,
        "BCEB_2": 1.9685,
        "BCEB_3": 3.28084,
        "BCEB_5": 1.9685,
        "BCEB_6": 3.28084,
        "BCEB_10": 1.9685,
        "BCEB_11": 1.9685,
        "BCCB_8": 1.9685,
        "BCCB_10": 1.9685,
        "BWIA_1": 1.9685,
        "BWIA_3": 1.9685,
        "BWIB_1": 3.28084,
        "BWIB_4": 1.9685,
        "BWEB_1": 3.28084,
        "BWEB_3": 1.9685,
        "BWEB_4": 1.9685,
        "BBIA_1": 1.9685,
        "BBIB_1": 1.9685,
        "BBIB_5": 3.28084,
        "BBIB_6": 1.9685,
        "BBEB_3": 3.28084,
        "BBEB_4": 1.9685,
        "BBEB_5": 1.9685
    },
    "perimeter_slab_ins": {
        "SCB_21": 3.28084,
        "SCB_22": 3.28084,
        "SCB_23": 3.28084,
        "SCB_24": 3.28084,
        "SCB_9": 1.9685,
        "SCB_10": 1.9685,
        "SCB_11": 1.9685,
        "SCB_12": 1.9685,
        "SCB_13": 3.28084,
        "SCB_14": 3.28084,
        "SCB_17": 3.28084,
        "SCB_18": 3.28084,
        "SCB_39": 3.28084,
        "SCB_40": 3.28084,
        "SCB_3": 2.788714,
        "SCB_4": 2.788714,
        "SCB_1": 1.9685,
        "SCB_2": 1.9685,
        "SCB_5": 1.9685,
        "SCB_6": 1.9685,
        "SCB_37": 1.9685,
        "SCB_38": 1.9685,
        "SCA_1": 1.9685,
        "SCA_2": 1.9685,
        "SCA_9": 3.28084,
        "SCA_10": 3.28084
    },
    "slab_skirt_ins": [
        "SCN_7",
        "SCN_8",
        "SCB_33",
        "SCB_34",
        "SCB_35",
        "SCB_36",
        "SCB_21",
        "SCB_22",
        "SCB_23",
        "SCB_24",
        "SCB_9",
        "SCB_10",
        "SCB_11",
        "SCB_12",
        "SCA_21",
        "SCA_22",
        "SCA_23",
        "SCA_24"
    ]
}